{"header":["angry","disgusted","fearful","happy","neutral","sad","surprised","time"],"values":{"angry":[0.000005927880465605995,0.000025735245799296536,0.0000011786409004344023,1.0640376757464765e-7,4.783030638222385e-10,0.0000037824909213668434,1.509989022707714e-9,1.0588406595957167e-8,5.302928762773718e-9,6.945448376427521e-7,1.7830696208420704e-7,0.0002601978776510805,3.868527187478321e-8,5.42554289495456e-7,0.000002751715101112495,8.544613905314691e-8,4.551737320390714e-10,9.757955865552503e-8,3.717288166171784e-8,2.3835121965021244e-7,0.0000020979707642254652,1.6863989094062504e-9,0.0000035487587410898414,0.0000838732739794068,2.5877795462037056e-9,2.4187457370317134e-8,1.3616889305012592e-7,3.305995407987261e-11,1.0150269247333199e-7,8.291593758258387e-7,5.810150582874485e-7,1.1315597348016126e-8,2.873769888722677e-9,6.22858209453625e-10,1.4933917213966197e-8,1.9237189619047967e-9,1.91037713426212e-10,2.9616257890552333e-8,1.7137875840678163e-10,5.874462027932736e-11,1.0311204112767314e-9,1.0799348970635947e-8,2.130922780452238e-7,2.0194874661427775e-9,1.050608280928067e-10,1.3769096973703654e-9,0.0000021812061277159955,0.0000025165415991068585,0.00002709751970542129,1.2576020935739507e-7,0.00001759851147653535,0.0000012184808610982145,1.7109897498812643e-7,1.6454990259262559e-7,5.239457436800876e-7,0.00007454185833921656,0.00002571081495261751,0.000060715730796800926,0.00042785180266946554,6.110863814967615e-9,4.751348470222183e-8,0.007977032102644444,0.00000886378711584257,0.00005312102803145535],"disgusted":[5.638816080733022e-10,2.66457647057905e-7,5.366464606026966e-9,9.549643714690248e-11,2.8220030479086944e-12,9.224785344486008e-7,2.7930185941826835e-10,1.3811266583521609e-12,4.979317846931508e-9,6.617304393330414e-8,5.837730299163013e-9,0.0000025847209599305643,7.574199600846043e-11,1.622708967197184e-9,6.715194444950612e-7,3.854882038578644e-11,5.5135916665616236e-11,3.903177780983924e-10,4.228043470888565e-10,4.228958516705461e-9,2.5644315115869176e-8,1.7174013600129712e-10,1.8593528938737336e-9,0.0008252715924754739,2.8711878360954124e-11,3.76089333287144e-11,1.1769779595383056e-9,1.742549382783079e-13,1.0446283595089145e-11,5.862322294269973e-10,3.027452177839507e-10,3.3539865329501595e-11,9.749132057201848e-12,3.7073737634528425e-13,1.8539995927380204e-12,1.3725062197877946e-9,4.1595562714699663e-13,5.635402700043812e-10,1.6103850197790592e-10,1.951132311273085e-11,6.811892629826621e-12,1.5752803506074997e-8,2.5734214759154384e-10,1.748251608583995e-12,4.042394606443116e-14,8.436851911541865e-12,1.4091581235220474e-9,1.4927111635643087e-7,0.0000016469166439492255,2.4407576404428255e-8,1.6566126248562796e-7,4.477783144274383e-10,6.2864020655695185e-9,8.148406891450577e-7,1.933746718307816e-9,1.616907212564911e-7,0.000003265206942160148,0.000003545132813087548,0.000028160313377156854,2.3404412088923188e-11,2.1579587075604145e-11,0.00003848323103738949,1.5833371946882835e-8,2.3652293634768284e-7],"fearful":[2.798984932717019e-10,0.0000025804595225054072,3.80379017173027e-9,1.8031729538334207e-12,1.0660533735070907e-13,5.019978321918472e-10,1.6481424786139037e-13,9.875258163288825e-13,2.4614538185474544e-10,7.457614170300331e-13,2.9124052887234686e-13,1.8353912140112172e-11,5.64521623891423e-11,3.08634312551348e-10,2.7234636768014298e-9,4.413890693916178e-12,2.6617015103753364e-15,2.6542149554609207e-12,8.63660271771538e-12,1.1832534951849993e-11,5.470902810639222e-12,1.523169475747474e-13,1.320609177568599e-10,2.0122785382437058e-10,2.9378626267839714e-13,1.02974811837242e-12,1.550343853295999e-9,5.655719965166721e-14,7.753168246305009e-11,3.194662936967241e-11,7.434645121762173e-10,1.9079392742354234e-13,4.2790296588164634e-13,5.1208386489531854e-14,2.656715721981867e-13,1.1436400437769834e-11,1.8042858450118297e-15,5.087378543607024e-13,7.969340824461133e-15,1.2594341814002692e-18,3.642305099020582e-13,1.753905874701811e-11,6.216534665509643e-12,4.243850889739005e-14,7.229501590747759e-15,9.445872225675653e-14,3.420598179704193e-11,3.6214567455949975e-10,8.505113058276947e-9,7.368677066091345e-13,2.446703319947119e-7,2.5282460586889544e-12,3.861086363826649e-12,5.398571672164676e-13,4.835818377679768e-12,0.0000012478844837460201,2.7529201140907844e-9,5.992042972913225e-11,3.1948422929417575e-7,4.2692634150132136e-11,5.536161806762863e-13,0.000020205610780976713,0.000004572244051814778,7.796375101065678e-9],"happy":[8.910617452784209e-7,0.057759035378694534,0.0002949944173451513,0.000008219084520533215,0.005458919797092676,0.6662928462028503,0.004770494066178799,0.0000464458717033267,0.5613075494766235,0.00010281616414431483,0.008389539085328579,0.0000684366314089857,6.383067443493928e-7,7.567469992864062e-7,0.007948601618409157,0.000019266190065536648,0.00028237776132300496,0.000009526493158773519,0.00001236595016962383,0.00010696114622987807,0.000002340007085877005,0.00018575563444755971,0.000019856230210280046,0.013614222407341003,0.00002321105421287939,0.0000015774102166687953,0.000010391866453574039,1.3726690895055071e-7,2.085315742306193e-8,0.0000028161221052869223,0.000018922346498584375,0.0000014820722071817727,0.000011647720384644344,8.114429874694906e-7,9.697334490965659e-8,0.00007625456782989204,1.0893494817310057e-7,0.000016016370864235796,0.0000051245942813693546,0.000011126257049909327,0.000018536326024332084,0.00017224159091711044,0.0192689411342144,5.1839048609281235e-8,7.397481294191266e-9,0.0001150565585703589,0.000004696775249612983,0.00041691819205880165,0.21952298283576965,0.25934457778930664,0.000815640261862427,0.0000016739421653255704,0.0002543036243878305,0.0002734063600655645,0.00003834729068330489,0.0000061809810176782776,0.003571583889424801,0.0007779673906043172,0.008729339577257633,0.00012151550618000329,0.003581513650715351,0.01683097518980503,0.00008052417979342863,0.000026025434635812417],"neutral":[0.9999839067459106,0.7309948205947876,0.9989813566207886,0.9999898672103882,0.9945411086082458,0.33368125557899475,0.9952292442321777,0.9999535083770752,0.4382210969924927,0.9998962879180908,0.9916102290153503,0.9996389150619507,0.9999984502792358,0.9999969005584717,0.9920056462287903,0.9999803304672241,0.9997170567512512,0.9999902248382568,0.9999874830245972,0.999891996383667,0.9999548196792603,0.9998141527175903,0.9999760389328003,0.98293536901474,0.9999765157699585,0.9999979734420776,0.9997503161430359,0.9999997615814209,0.9999991655349731,0.9999959468841553,0.9999794960021973,0.9999985694885254,0.999988317489624,0.9999990463256836,0.9999998807907104,0.9999048709869385,0.9999998807907104,0.9999839067459106,0.9999948740005493,0.9999889135360718,0.9999814033508301,0.9988471269607544,0.9807307720184326,1,1,0.9998849630355835,0.9999866485595703,0.9995718598365784,0.7804356813430786,0.7406548857688904,0.9204198122024536,0.9999955892562866,0.9997441172599792,0.999724805355072,0.9999611377716064,0.9996398687362671,0.9949162006378174,0.9991351962089539,0.9893438816070557,0.9998769760131836,0.9964181184768677,0.9692515730857849,0.9998085498809814,0.9999127388000488],