{"header":["angry","disgusted","fearful","happy","neutral","sad","surprised","time"],"values":{"angry":[0.0004527404671534896,9.477411744285291e-9,0.000008237613656092435,5.642620815038413e-10,0.000012514226909843273,3.3190710269082047e-7,1.1467117388974657e-7,5.0462301004472465e-9,6.820921782946243e-8,1.7114542671947675e-8,8.543248775083612e-9,0.00001391362093272619,0.0000014514431541101658,5.81379140385252e-7,1.1834732305260331e-8,0.001833869144320488,0.0011447370052337646,0.000005112199232826242,0.0001520839286968112,0.00002771373328869231,1.672862559587429e-8,0.000004056458692502929,3.346819266170087e-9,0.0000028027091047988506,0.0000015742498362669721,0.000005039489224145655,3.966907229369099e-7,0.0000024363530428672675,1.6853249462656095e-8,1.2224253609360858e-8,0.00002407458123343531,1.2323418729920377e-7,2.599760478005919e-7,9.69933182659588e-8,0.000001647215412958758,3.181297003607142e-8,3.034249687061674e-7,0.009504888206720352,4.978285232937196e-7,0.11387870460748672,3.061596975939551e-9,1.7053976364422851e-7,0.0001414463040418923,0.0005433584447018802,0.00001188997248391388,0.0013365043560042977,2.04762642397327e-7,4.5179015728535887e-7,1.9594489231167245e-7,1.7660529982865825e-10,1.1370397068333205e-8,2.3667540816063593e-8,2.535837495543092e-7,0.020034756511449814,5.309250283858091e-8,0.00008934058860177174,0.015186660923063755,0.009272106923162937,0.00008590801735408604,3.67630462960733e-7,0.000045915621740277857,0.00007167600415414199,0.002164112403988838,4.581730195241107e-8,2.6316528956016327e-9,2.7048786321870466e-8,0.000003048470034627826,0.00022374400577973574,0.00017901764658745378,0.0000010249138995277463,0.00023831325233913958,0.000825038063339889],"disgusted":[7.008956686149759e-7,1.06300612843363e-12,7.994078288220408e-9,8.609409192505968e-12,2.1609399425415177e-7,0.0000013411860209089355,1.570661101180093e-10,3.965912043213393e-8,0.000011348975931468885,4.125091587758867e-11,1.0759442815866382e-11,5.910345066695299e-7,7.464179496707857e-9,4.007821630125363e-9,2.7857544829951175e-13,0.00001622063064132817,0.01429081242531538,3.031524613561487e-7,0.00026973613421432674,0.0005551095819100738,1.0382992209068131e-11,3.2850099529468935e-8,7.240259607133037e-12,0.000002618572580104228,1.8939422252728377e-10,0.00004928039197693579,4.145326304438868e-9,1.152616206923085e-7,7.565940929321613e-12,1.8725195005675488e-10,2.943677372968523e-7,7.875787133571066e-8,5.102610001195274e-10,9.571387016293897e-10,1.2836466112275957e-7,1.651656234002985e-8,1.26078019135889e-8,0.0006894977996125817,4.510377848987446e-8,0.000028329355700407177,7.667554959012168e-12,4.654644225610127e-9,0.04814614728093147,0.000007173523954406846,3.006896349688759e-7,0.00002646231405378785,8.218557778771896e-11,1.0274836537149667e-9,4.126756575351109e-11,1.2351107636643377e-10,2.343718101538439e-11,7.201933271971939e-8,3.272514277341543e-7,0.2288523018360138,1.0766748603785459e-10,5.109775429446017e-7,0.00019438198069110513,0.000009353076166007668,0.0000013180700761949993,2.381696795339394e-8,4.771558792526776e-7,0.000002425258799121366,0.6752022504806519,1.0217703128034827e-8,1.9872167800194518e-10,1.1592716370190104e-10,1.2966011375681319e-8,0.000005513392807188211,0.0000011854112926812377,2.1010484019257092e-8,0.00003949971869587898,0.00002008769297390245],"fearful":[1.5953354193243285e-7,1.5149034804373684e-11,4.2785672227374505e-10,1.280867772956995e-13,4.723536672912587e-9,5.515485529232478e-13,1.1886938100502675e-9,1.4663060262515293e-12,2.7144844705340176e-10,6.923155625171429e-12,5.652015314105974e-13,5.94214816240779e-11,7.814107867709641e-12,2.6005350650670778e-11,1.951460911267522e-12,0.0000012158369600001606,2.1447248421679888e-9,1.2276780980702284e-10,8.632443204703577e-9,3.946476923033515e-9,7.994609206411762e-13,1.0240713521625366e-7,1.9676132251289502e-11,7.116065375845082e-11,5.297029481710069e-9,8.94955931585173e-9,2.926840020345267e-11,1.4179338042250023e-12,2.1782666545077517e-13,1.9544330598364468e-7,4.4469006255098975e-9,2.0550979321076746e-11,9.639601400088238e-13,1.3116044708660901e-12,9.47211420410099e-10,2.963737653731424e-13,9.565510709907965e-12,0.00018393971549812704,3.811253829894001e-12,6.709520050662832e-8,4.775347868871127e-13,1.0885338854252358e-12,4.196698810687849e-8,1.456318727832695e-7,2.709025781477692e-10,5.318890661243358e-9,2.1222103935292225e-12,2.5034915807076175e-10,3.743825388591304e-11,3.3551318089086474e-15,2.9009070536337167e-13,2.1116973187434995e-12,0.000016902069546631537,0.000002141804543498438,1.6122032094750827e-12,0.0000049441191549703944,0.0008283055503852665,5.7598061431463066e-8,0.000004469848590815673,3.550927996087694e-9,0.000001444721533516713,1.4540923132244643e-8,7.422765690989763e-8,7.260926668944956e-12,1.5849638496188284e-13,1.2426346410188138e-11,5.085891083278504e-11,1.5331441716170957e-7,2.4650363528166963e-8,2.417317214453707e-11,0.000024100294467643835,0.000012213183254061732],"happy":[0.00028867548098787665,0.00015388424799311906,0.10679847002029419,0.9976561665534973,0.10661501437425613,0.0003257175558246672,0.000025061792257474735,0.01472652330994606,0.007745652925223112,0.003461594460532069,0.000001079106596080237,0.0022917042952030897,0.00012376617814879864,0.000301364780170843,6.311689304538959e-8,0.001562291756272316,0.0010258127003908157,0.00007549204747192562,0.004089606460183859,0.6059585213661194,0.000001815773202906712,0.00011300606274744496,0.025149663910269737,0.032667968422174454,0.000019833565602311864,0.000028278900572331622,0.00016587911522947252,0.015790531411767006,0.00028737745014950633,0.0000058103328228753526,0.0002184767508879304,0.0001853748835856095,0.0000048204747145064175,0.000008419129699177574,0.00023188302293419838,0.0007900886703282595,0.0796365886926651,0.001955232350155711,0.00022253356291912496,0.7386654615402222,0.0000031681581731390906,0.000032106341677717865,0.003533497918397188,0.0000024313692392752273,0.000043154712329851463,0.00001591687396285124,0.00006367704190779477,0.00007472042489098385,0.0006979721365496516,0.000009337437404610682,0.00007492943404940888,0.4698597490787506,0.002475359011441469,0.012295927852392197,0.00002420407508907374,0.6509611010551453,0.0030555683188140392,0.9464815258979797,0.008275695145130157,0.011011113412678242,0.000011394235116313212,0.00601262878626585,0.049463823437690735,0.0002774056338239461,0.000130082291434519,0.0014319272013381124,0.147989422082901,0.16404147446155548,0.0005469214520417154,0.9965085387229919,0.002588557777926326,0.00019771559163928032],"neutral":[0.9990279674530029,0.9998459815979004,0.8931605219841003,0.0023439289070665836,0.8932782411575317,0.9996716976165771,0.9999736547470093,0.9852734208106995,0.9919821619987488,0.9965378046035767,0.999998927116394,0.9976903200149536,0.9998735189437866,0.9996897578239441,0.9999998807907104,0.9935212731361389,0.9761493802070618,0.999911904335022,0.989332914352417,0.39201781153678894,0.9999982118606567,0.9997149109840393,0.9748504161834717,0.9673166871070862,0.9999663829803467,0.9983635544776917,0.999832034111023,0.984198808670044,0.9997126460075378,0.99972003698349,0.9996351003646851,0.9998128414154053,0.9999948740005493,0.9999902248382568,0.9997058510780334,0.9992081522941589,0.9203622937202454,0.8429257273674011,0.9997761845588684,0.13599303364753723,0.9999967813491821,0.9999672174453735,0.7392064332962036,0.9989863038063049,0.9997809529304504,0.9985755681991577,0.9999361038208008,0.9998947381973267,0.9992915391921997,0.999990701675415,0.999924898147583,0.5300935506820679,0.9959424138069153,0.7126736044883728,0.9999756813049316,0.3483292758464813,0.6658307909965515,0.04391317442059517,0.9915040731430054,0.9888566136360168,0.9995338916778564,0.9939060807228088,0.26764559745788574,0.9997221827507019,0.9998699426651001,0.9985674023628235,0.8512594699859619,0.8355138897895813,0.9991458654403687,0.0034884812775999308,0.9921952486038208,0.9969297051429749],