{"header":["angry","disgusted","fearful","happy","neutral","sad","surprised","time"],"values":{"angry":[0.0000013902358659834135,0.0030176613945513964,0.00021937811106909066,6.88905710255483e-10,0.0000010979700846291962,7.214152333290258e-7,5.2265640704263205e-8,6.430103560717271e-9,0.0000025879724034894025,0.0000037285533380782,0.000011811758668045513,0.0000074606882662919816,0.000053373845730675384,4.052844815305434e-8,0.00007423453644150868,0.00007473206642316654,8.009635621419875e-8,2.5815531353237664e-13,0.000012956395039509516,2.493300975837248e-13,3.0444925869232975e-7,0.0000033248472846025834,0.000010948350791295525,3.8952685521564945e-9,0.000014739738617208786,0.0000019648196030175313,0.000007341228410950862,0.00003204771928722039,2.4614792426547183e-9,0.005494477692991495,0.0007948786951601505,5.536188840693512e-9,1.4422352023757412e-7,1.492462042840259e-9,0.0001448064431315288,7.761946818618526e-8,3.296850081824232e-8,3.723512520537042e-8,0.0006157917669042945,0.0000029158263714634813,3.7425063936780134e-8,6.763423243683064e-8,9.216371665843326e-9,4.077005044678117e-8,8.789077554638425e-8,1.5795023955433862e-7,5.7494343508324164e-8,6.950384090487205e-7,0.00003494597694952972,0.000006331354597932659,2.8596826240345763e-8,2.843424056209187e-7,0.000028214999474585056,1.404548584105214e-7,0.000015030313079478219,0.00010134493641089648,0.0006281847017817199,2.5950638971039552e-8,4.143991816363268e-8,4.566942379824468e-9,3.1024691793390957e-7,0.000011790546523116063,0.0009248963906429708,5.7668682329481413e-11,0.0007394724525511265,5.640018400226987e-12,4.0188631089677074e-8,3.8562302506761625e-7,0.00000800288216851186,0.00002248125383630395,0.0008119871490634978,0.006702582351863384,5.799528253191966e-7,4.552563326321035e-10,8.675402618507633e-9,0.002463764511048794,2.1302108688114885e-10,0.000013628129636344966,0.0000481952702102717,0.0005194676341488957,8.836964582314977e-8,2.2532651300366524e-8,1.82750881094762e-8,2.261318493568254e-10,9.877775042355097e-9],"disgusted":[1.4397660663689749e-7,0.0013388298684731126,0.000008115753189485986,1.8091562969946295e-10,2.1450455278682057e-7,5.140320613605809e-9,2.4175231261303054e-10,1.1948750322510193e-10,8.716556720855806e-8,3.599581432922605e-8,3.1344480788675355e-8,2.2041788838578213e-7,1.0509927506063832e-7,7.776242150203672e-11,6.73766010095278e-7,1.8633548037882974e-8,1.3772832652136913e-8,2.9427716909330784e-14,6.633140401390847e-7,1.8790246375283152e-17,4.965050592886655e-10,3.861313047082149e-9,4.220553151412787e-8,3.5984544337341884e-12,7.224153364404629e-7,7.893757469901175e-8,1.791649850702015e-7,2.430263918995479e-7,5.17696345861407e-13,0.0001340349408565089,0.0012979781022295356,2.827223915050081e-12,2.6524566987262688e-9,2.4193999668270516e-12,1.3927041742078927e-8,1.1580719716519638e-10,7.147243907823508e-11,2.2306197167143438e-10,1.4199207498677424e-7,4.953966750709249e-11,5.730358201838648e-11,4.925416519085957e-9,1.0079934283091507e-11,1.5974955733244478e-11,2.2655437248442212e-10,2.8115879069368077e-10,1.0620257277771383e-11,9.312066673317076e-10,7.535599593211373e-7,7.035654192577567e-8,1.344484246157407e-10,4.3700605634189316e-11,2.1189028132084786e-7,4.0837154102746354e-8,1.0194357713544377e-7,0.0000013838855466019595,6.594517998337324e-8,2.900359397095542e-10,2.6458057966749493e-10,5.790636199709542e-12,5.334346853125282e-10,1.9096240144733656e-9,0.000005817202691105194,5.737173702693305e-14,1.632527784067861e-7,6.285711328774771e-16,2.284892453019438e-8,4.818064169853642e-8,6.472674396462708e-9,6.133628289717308e-7,0.0000011493782494653715,0.00003599365663831122,3.1592950477943305e-10,1.712320335436196e-13,9.038548555440062e-12,0.000010861295777431224,1.7638476235148914e-9,1.9278682827916782e-7,2.9474313123500906e-7,0.0024811876937747,1.236717963593037e-7,1.7120872428111333e-11,4.8324420021117476e-9,1.7876478075606883e-11,3.934341297195942e-9],"fearful":[4.9448171779431505e-8,0.000005120830337546067,5.561019378319543e-8,1.1951437062229786e-10,2.5610069087633747e-7,7.130557810874905e-10,5.793672291053154e-13,2.8049353746791017e-13,2.340164968472891e-7,0.00004226342571200803,9.502828390850482e-8,3.3542372079864435e-7,2.151838884856261e-8,3.2196758280311766e-12,7.23040898265026e-8,1.0883004364359294e-7,6.564619941390459e-12,8.122256879100804e-21,7.450310923751147e-10,1.2963675889556087e-18,5.175879516650106e-11,1.875134943152279e-11,1.2702219009952387e-7,5.819469255444187e-13,8.694802033915039e-8,4.328702800648898e-7,1.4274275095260691e-9,1.0303108588516352e-8,1.740206997870742e-14,1.8979983806843848e-8,1.6020086945900402e-7,1.1120088241878528e-14,1.079481018462225e-10,1.601321180690063e-12,9.129894351644907e-7,1.460444404299821e-10,1.480264587121194e-12,7.513016359213254e-13,0.0000019030542262044037,9.691730085137351e-9,1.3267917146897457e-11,8.33059107807621e-11,3.389240060477916e-12,2.2033839197632688e-9,2.9946395363467104e-10,6.748544501000708e-10,2.95844772291165e-12,5.961189181169502e-11,6.142643371731538e-8,0.0000026188365609414177,7.284940706231424e-11,9.428201275252235e-11,9.74048397495153e-9,5.121618187331478e-7,4.5321182362556556e-9,1.8623138942075457e-7,2.3563760009892576e-7,1.2128763271501697e-10,4.371157255600444e-11,2.300154164358581e-11,1.3350669528233716e-11,3.495886635729306e-10,7.578046279377304e-7,1.7649554582928524e-15,0.0000029358643587329425,9.496625031682856e-17,1.9753838842451188e-10,1.3744576657370722e-11,1.9965357145323992e-10,1.2682842276401374e-10,1.4666466086055152e-7,3.297883299779869e-9,1.1307438319008156e-9,9.402728941320434e-15,1.990310260352457e-12,7.636771783836593e-7,8.316088838606142e-14,3.531241361542925e-7,0.0000017466753661210532,5.927217330281565e-7,1.6057027235616417e-11,2.3601485349411533e-12,6.345546865738072e-10,3.78213573740821e-13,2.7092497082575884e-12],"happy":[0.0474264957010746,0.5700250267982483,0.0009098396403715014,0.00002078304714814294,0.00018403555441182107,0.0002308730036020279,0.0018952011596411467,0.0001426144881406799,0.00011187716154381633,0.00016297417460009456,0.016061313450336456,0.00003410165663808584,0.007262894418090582,0.0000011485885806905571,0.5886319279670715,0.10650079697370529,0.05705738440155983,1,0.09531491249799728,1,0.0005640772869810462,0.0008064853027462959,0.003729921067133546,0.00002993038469867315,0.002015771111473441,0.007296333555132151,0.5238317847251892,0.9173652529716492,0.00006963714986341074,0.9765052795410156,0.001547807129099965,0.010296179912984371,0.9509475827217102,0.0000014901333997840993,2.7143983061250765e-7,2.1351296197735792e-7,0.000006788539394619875,0.1477251946926117,0.005328021012246609,0.0000010268548749081674,0.000035284003388369456,0.3401353061199188,0.0001704447204247117,8.458849976022975e-8,0.000008763075129536446,0.000005531822353077587,5.889133944947389e-7,0.0009469392825849354,0.000011894218914676458,0.04207055643200874,0.012138462625443935,0.00038034477620385587,0.00019896872981917113,0.0004338117141742259,0.98665452003479,0.38880351185798645,0.000007184406058513559,0.00004362559411674738,0.00045008151209913194,0.0016070015262812376,0.000017281070540775545,0.00021802872652187943,0.19672751426696777,6.098786116126576e-7,0.000014415188161365222,0.00000397430903831264,0.0011611412046477199,0.00007330945663852617,0.00033688012626953423,0.016766484826803207,0.0008016242063604295,0.00001856856033555232,0.00005722787318518385,0.019815653562545776,0.006719774566590786,0.09164824336767197,0.00003691594611154869,0.7008763551712036,0.004588378127664328,0.0749993622303009,0.9899380207061768,0.000007516493951698067,0.15916147828102112,0.20761266350746155,0.1043335348367691],